CustomerID,FirstName,LastName,Email,City
17850,Danielle,Gutierrez,brittanyhernandez@example.org,Johnsonmouth
13047,Richard,Norton,preid@example.com,Serranofurt
12583,Daniel,Rivera,mthomas@example.net,Jenniferville
13748,David,Cunningham,krausejoshua@example.com,Savageborough
15100,Michael,Craig,phillipskaren@example.net,South Charlesshire
15291,Mercedes,Brown,nataliewolf@example.com,East Christopherville
14688,Alexandria,Maldonado,melissa86@example.com,Travisberg
17809,Lynn,Young,stephanie21@example.net,Port Saraville
15311,Vickie,Smith,greenmark@example.org,New Carolyn
14527,Melissa,Tanner,alvarezchristina@example.com,East Richard
16098,Jennifer,Miles,angela70@example.net,New Caitlinbury
18074,Debra,Duke,laurenburgess@example.org,South Corytown
17420,Nicholas,Williams,blakejennifer@example.com,Sandrabury
16029,Cynthia,Gregory,joshua73@example.com,Port Jesse
16250,Aaron,Thomas,cruzsean@example.net,Lake Jonathan
12431,Tara,Thomas,paulacollins@example.com,New Derek
17511,Robert,Martin,brownjustin@example.org,Jameshaven
17548,Sara,Gomez,bmccullough@example.com,New Monique
13705,Yolanda,Lamb,dmiller@example.net,East Alexis
13747,Donald,Osborne,ejohnson@example.com,South Michael
13408,Jonathan,Dominguez,russellwilliam@example.com,Jacobsberg
13767,Bradley,Miranda,waltercaldwell@example.net,West Dianaburgh
17924,Patrick,Delgado,gfoster@example.net,North Marissa
13448,Robert,Gilbert,dylan84@example.net,Michaelborough
15862,Andrew,Wilson,brendan01@example.com,Berrytown
15513,Robin,Hancock,travis91@example.net,South Deniseport
12791,Rachel,Jackson,lindsey12@example.org,Marisafurt
16218,Nicholas,Gutierrez,heatheradams@example.org,North Samantha
14045,Eric,Richmond,brandonmcbride@example.com,North Amyport
14307,Christina,Montoya,msalinas@example.org,Traceyberg
17908,Catherine,Davis,eedwards@example.net,Glasston
17920,Paula,Morton,gonzalesjessica@example.org,Mckayville
12838,Austin,Sellers,mossthomas@example.com,New Gary
13255,Christopher,Conley,adamgonzalez@example.org,Port Jamesland
16583,Kelly,Garcia,brian33@example.net,Parkerborough
18085,Matthew,Romero,timothycortez@example.org,Rickyfort
13758,Cheryl,Evans,amandareid@example.net,Collierville
13694,Ernest,Stokes,ohines@example.com,East Heather
15983,Roberta,Dickson,millstony@example.org,Robbinsfort
14849,Andrew,Hansen,juanadkins@example.org,Lake Dawnchester
17968,Cole,Villegas,jeffrey28@example.org,Baileyside
16210,Scott,Flores,robert08@example.com,Wheelerborough
17897,Ryan,Turner,allen50@example.com,Port Glendaberg
17377,Daniel,Ford,jocelynking@example.com,Benjaminville
16552,Thomas,Abbott,christopher54@example.com,Port Monica
17181,Julie,Brown,egray@example.org,Brownbury
17951,David,Hoover,bautistalauren@example.net,Port Christopher
14729,Marie,Orozco,ajones@example.net,Castroberg
12748,Laura,Thompson,nicole83@example.net,Collierville
15012,Christine,Moore,allenbeck@example.com,Christensenside
12868,Peter,Medina,philip65@example.org,Lake Sean
17572,Erin,Perez,frynoah@example.org,Lake Morgan
14078,Jennifer,Henry,hmunoz@example.net,Robinton
14001,Rachel,Estes,yolanda44@example.com,South Roger
12662,Philip,Stephens,pharvey@example.com,East Thomastown
15525,Margaret,Carrillo,luisbrown@example.net,Fowlershire
14237,Jeff,Taylor,jillian63@example.net,Ramosport
17905,Nicholas,Pena,angel98@example.org,Millsmouth
15485,Emily,Vega,conleymelanie@example.net,Riggsburgh
12433,Julie,Cooley,cardenaslinda@example.com,New James
16955,Todd,Davis,tonyabrandt@example.org,Austinport
15350,Kristen,Powell,jamesriley@example.net,North Christopherborough
15605,Faith,Burch,alexander58@example.com,Lake James
18144,Terri,Copeland,wschwartz@example.org,Foleytown
15922,Julia,Jones,pamela62@example.net,Thomasberg
14594,Matthew,Johnson,sharon81@example.org,Port Kristineton
15165,Steven,Parker,nmccoy@example.com,West Aprilport
14911,Seth,Mora,rojasgregory@example.org,Figueroamouth
16456,Ashley,Wilson,ibell@example.org,West Amyland
17841,Brian,Roberts,ronald96@example.com,Lake Philip
